title,isbn,author,category,stock
How to program,893829389,Stephen Prata,Programming,3
How to program,893829389,Stephen Prata,Programming,3
How to program,893829389,Stephen Prata,Programming,3
How to program,893829389,Stephen Prata,Programming,3
How to program,893829389,Stephen Prata,Programming,3
How to program,893829389,Stephen Prata,Programming,3
How to program,893829389,Stephen Prata,Programming,3
How to program,893829389,Stephen Prata,Programming,3
How to program,893829389,Stephen Prata,Programming,3
How to program,893829389,Stephen Prata,Programming,3
How to program,893829389,Stephen Prata,Programming,3
How to program,893829389,Stephen Prata,Programming,3
How to program,893829389,Stephen Prata,Programming,3
How to program,893829389,Stephen Prata,Programming,3
How to program,893829389,Stephen Prata,Programming,3
How to program,893829389,Stephen Prata,Programming,3
How to program,893829389,Stephen Prata,Programming,3
How to program,893829389,Stephen Prata,Programming,3
How to program,893829389,Stephen Prata,Programming,3
How to program,893829389,Stephen Prata,Programming,3
How to program,893829389,Stephen Prata,Programming,3
How to program,893829389,Stephen Prata,Programming,3
How to program,893829389,Stephen Prata,Programming,3
How to program,893829389,Stephen Prata,Programming,3
How to program,893829389,Stephen Prata,Programming,3